0;990;1559;;;;;;;;;;;;;;;;;;;;;;;;;;;;;;;;;;;;;;;;;;;;
0;471;965;;;;;;;;;;;;;;;;;;;;;;;;;;;;;;;;;;;;;;;;;;;;
0;184;351;;;;;;;;;;;;;;;;;;;;;;;;;;;;;;;;;;;;;;;;;;;;
0;183;925;1102;;;;;;;;;;;;;;;;;;;;;;;;;;;;;;;;;;;;;;;;;;;
0;628;993;1745;2573;;;;;;;;;;;;;;;;;;;;;;;;;;;;;;;;;;;;;;;;;;
0;196;456;736;1060;1306;1589;;;;;;;;;;;;;;;;;;;;;;;;;;;;;;;;;;;;;;;;
0;929;1695;;;;;;;;;;;;;;;;;;;;;;;;;;;;;;;;;;;;;;;;;;;;
0;321;635;;;;;;;;;;;;;;;;;;;;;;;;;;;;;;;;;;;;;;;;;;;;
0;142;322;;;;;;;;;;;;;;;;;;;;;;;;;;;;;;;;;;;;;;;;;;;;
0;287;375;535;920;1520;1808;;;;;;;;;;;;;;;;;;;;;;;;;;;;;;;;;;;;;;;;
0;318;501;694;1101;1654;2048;;;;;;;;;;;;;;;;;;;;;;;;;;;;;;;;;;;;;;;;
0;183;431;867;1072;1364;1853;2152;2533;2834;2976;;;;;;;;;;;;;;;;;;;;;;;;;;;;;;;;;;;;
0;406;574;767;1103;1701;2021;;;;;;;;;;;;;;;;;;;;;;;;;;;;;;;;;;;;;;;;
0;463;653;1272;1590;;;;;;;;;;;;;;;;;;;;;;;;;;;;;;;;;;;;;;;;;;
0;266;532;;;;;;;;;;;;;;;;;;;;;;;;;;;;;;;;;;;;;;;;;;;;
0;317;863;;;;;;;;;;;;;;;;;;;;;;;;;;;;;;;;;;;;;;;;;;;;
0;1047;2238;;;;;;;;;;;;;;;;;;;;;;;;;;;;;;;;;;;;;;;;;;;;
0;127;278;470;1878;2043;2220;2410;;;;;;;;;;;;;;;;;;;;;;;;;;;;;;;;;;;;;;;
0;536;1107;1393;1708;;;;;;;;;;;;;;;;;;;;;;;;;;;;;;;;;;;;;;;;;;
0;345;577;;;;;;;;;;;;;;;;;;;;;;;;;;;;;;;;;;;;;;;;;;;;
0;591;1218;1371;1547;1725;1884;2079;2217;2372;;;;;;;;;;;;;;;;;;;;;;;;;;;;;;;;;;;;;
0;751;1524;2197;2648;2849;3438;3898;4050;;;;;;;;;;;;;;;;;;;;;;;;;;;;;;;;;;;;;;
0;679;914;1153;1386;;;;;;;;;;;;;;;;;;;;;;;;;;;;;;;;;;;;;;;;;;
0;967;1377;1765;;;;;;;;;;;;;;;;;;;;;;;;;;;;;;;;;;;;;;;;;;;
0;349;524;734;983;1450;1757;1920;2205;2589;2829;;;;;;;;;;;;;;;;;;;;;;;;;;;;;;;;;;;;
0;497;983;1209;1483;1973;2259;2451;2767;3201;3428;;;;;;;;;;;;;;;;;;;;;;;;;;;;;;;;;;;;
0;185;398;606;1659;1870;2053;2282;2963;3136;3321;3526;4551;4778;5004;5246;6592;6845;7102;7387;7728;;;;;;;;;;;;;;;;;;;;;;;;;;
0;323;647;1013;1929;2190;2475;2801;4147;4478;4853;5222;;;;;;;;;;;;;;;;;;;;;;;;;;;;;;;;;;;
0;189;375;626;;;;;;;;;;;;;;;;;;;;;;;;;;;;;;;;;;;;;;;;;;;
0;234;736;;;;;;;;;;;;;;;;;;;;;;;;;;;;;;;;;;;;;;;;;;;;
0;213;1455;1629;1844;2272;2720;2897;3111;;;;;;;;;;;;;;;;;;;;;;;;;;;;;;;;;;;;;;
0;296;511;1000;1491;1779;1994;;;;;;;;;;;;;;;;;;;;;;;;;;;;;;;;;;;;;;;;
0;188;388;602;1125;1604;1911;2122;;;;;;;;;;;;;;;;;;;;;;;;;;;;;;;;;;;;;;;
0;537;949;1266;1442;1795;2073;2402;2694;3515;3848;4006;4126;4423;4728;5355;;;;;;;;;;;;;;;;;;;;;;;;;;;;;;;
0;284;436;565;863;1156;1441;1738;2367;2682;2828;2954;3240;3530;4125;;;;;;;;;;;;;;;;;;;;;;;;;;;;;;;;
0;1242;1848;2467;;;;;;;;;;;;;;;;;;;;;;;;;;;;;;;;;;;;;;;;;;;
0;920;1500;2119;2502;;;;;;;;;;;;;;;;;;;;;;;;;;;;;;;;;;;;;;;;;;
0;276;1083;;;;;;;;;;;;;;;;;;;;;;;;;;;;;;;;;;;;;;;;;;;;
0;285;1474;;;;;;;;;;;;;;;;;;;;;;;;;;;;;;;;;;;;;;;;;;;;
0;337;517;788;1243;2015;2418;;;;;;;;;;;;;;;;;;;;;;;;;;;;;;;;;;;;;;;;
0;284;945;;;;;;;;;;;;;;;;;;;;;;;;;;;;;;;;;;;;;;;;;;;;
0;1064;1277;1667;;;;;;;;;;;;;;;;;;;;;;;;;;;;;;;;;;;;;;;;;;;
0;772;1034;1608;;;;;;;;;;;;;;;;;;;;;;;;;;;;;;;;;;;;;;;;;;;
0;243;471;;;;;;;;;;;;;;;;;;;;;;;;;;;;;;;;;;;;;;;;;;;;
0;547;808;1370;1895;;;;;;;;;;;;;;;;;;;;;;;;;;;;;;;;;;;;;;;;;;
0;551;789;1353;1601;;;;;;;;;;;;;;;;;;;;;;;;;;;;;;;;;;;;;;;;;;
0;794;951;1316;1686;2349;2717;2885;3045;3229;;;;;;;;;;;;;;;;;;;;;;;;;;;;;;;;;;;;;
0;771;940;1332;;;;;;;;;;;;;;;;;;;;;;;;;;;;;;;;;;;;;;;;;;;
0;129;368;521;782;1063;1312;1594;;;;;;;;;;;;;;;;;;;;;;;;;;;;;;;;;;;;;;;
0;152;317;;;;;;;;;;;;;;;;;;;;;;;;;;;;;;;;;;;;;;;;;;;;
0;184;504;1082;1184;1666;2168;2411;2665;;;;;;;;;;;;;;;;;;;;;;;;;;;;;;;;;;;;;;
0;183;398;826;1260;1647;1843;2031;;;;;;;;;;;;;;;;;;;;;;;;;;;;;;;;;;;;;;;
0;442;585;1217;1885;2032;;;;;;;;;;;;;;;;;;;;;;;;;;;;;;;;;;;;;;;;;
0;470;616;752;1328;1584;1699;;;;;;;;;;;;;;;;;;;;;;;;;;;;;;;;;;;;;;;;
0;773;923;2020;2174;;;;;;;;;;;;;;;;;;;;;;;;;;;;;;;;;;;;;;;;;;
0;181;344;;;;;;;;;;;;;;;;;;;;;;;;;;;;;;;;;;;;;;;;;;;;
0;201;427;;;;;;;;;;;;;;;;;;;;;;;;;;;;;;;;;;;;;;;;;;;;
0;370;824;;;;;;;;;;;;;;;;;;;;;;;;;;;;;;;;;;;;;;;;;;;;
0;582;1140;;;;;;;;;;;;;;;;;;;;;;;;;;;;;;;;;;;;;;;;;;;;
0;1358;2673;;;;;;;;;;;;;;;;;;;;;;;;;;;;;;;;;;;;;;;;;;;;
0;130;270;;;;;;;;;;;;;;;;;;;;;;;;;;;;;;;;;;;;;;;;;;;;
0;350;513;816;1587;1918;;;;;;;;;;;;;;;;;;;;;;;;;;;;;;;;;;;;;;;;;
0;448;872;1258;1432;1823;2152;2336;;;;;;;;;;;;;;;;;;;;;;;;;;;;;;;;;;;;;;;
0;207;385;601;1216;1996;2266;2563;3049;3352;;;;;;;;;;;;;;;;;;;;;;;;;;;;;;;;;;;;;
0;154;355;554;;;;;;;;;;;;;;;;;;;;;;;;;;;;;;;;;;;;;;;;;;;
0;120;434;594;;;;;;;;;;;;;;;;;;;;;;;;;;;;;;;;;;;;;;;;;;;
0;122;504;672;1193;1337;1843;1970;;;;;;;;;;;;;;;;;;;;;;;;;;;;;;;;;;;;;;;
0;714;1458;2465;2638;2836;;;;;;;;;;;;;;;;;;;;;;;;;;;;;;;;;;;;;;;;;
0;390;571;757;1284;2152;2474;;;;;;;;;;;;;;;;;;;;;;;;;;;;;;;;;;;;;;;;
0;780;1019;;;;;;;;;;;;;;;;;;;;;;;;;;;;;;;;;;;;;;;;;;;;
0;14;333;700;1318;1634;;;;;;;;;;;;;;;;;;;;;;;;;;;;;;;;;;;;;;;;;
0;318;334;654;1030;1747;2142;;;;;;;;;;;;;;;;;;;;;;;;;;;;;;;;;;;;;;;;
0;960;975;1754;2365;;;;;;;;;;;;;;;;;;;;;;;;;;;;;;;;;;;;;;;;;;
0;11;448;1195;2084;;;;;;;;;;;;;;;;;;;;;;;;;;;;;;;;;;;;;;;;;;
0;562;1121;1718;2254;2934;;;;;;;;;;;;;;;;;;;;;;;;;;;;;;;;;;;;;;;;;
0;484;632;980;;;;;;;;;;;;;;;;;;;;;;;;;;;;;;;;;;;;;;;;;;;
0;493;637;997;1364;1735;2113;;;;;;;;;;;;;;;;;;;;;;;;;;;;;;;;;;;;;;;;
0;836;1219;;;;;;;;;;;;;;;;;;;;;;;;;;;;;;;;;;;;;;;;;;;;
0;417;582;717;853;;;;;;;;;;;;;;;;;;;;;;;;;;;;;;;;;;;;;;;;;;
0;524;675;1009;1900;2206;;;;;;;;;;;;;;;;;;;;;;;;;;;;;;;;;;;;;;;;;
0;139;292;448;587;;;;;;;;;;;;;;;;;;;;;;;;;;;;;;;;;;;;;;;;;;
0;545;681;820;951;;;;;;;;;;;;;;;;;;;;;;;;;;;;;;;;;;;;;;;;;;
0;500;662;805;975;;;;;;;;;;;;;;;;;;;;;;;;;;;;;;;;;;;;;;;;;;
0;594;725;1305;;;;;;;;;;;;;;;;;;;;;;;;;;;;;;;;;;;;;;;;;;;
0;448;605;749;1141;1619;1760;1904;2364;;;;;;;;;;;;;;;;;;;;;;;;;;;;;;;;;;;;;;
0;149;286;454;902;1068;;;;;;;;;;;;;;;;;;;;;;;;;;;;;;;;;;;;;;;;;
0;205;989;1699;1883;;;;;;;;;;;;;;;;;;;;;;;;;;;;;;;;;;;;;;;;;;
0;728;956;1399;;;;;;;;;;;;;;;;;;;;;;;;;;;;;;;;;;;;;;;;;;;
0;158;675;1156;1688;1873;2261;2460;3158;;;;;;;;;;;;;;;;;;;;;;;;;;;;;;;;;;;;;;
0;471;1016;1516;2033;2217;2688;2850;3249;;;;;;;;;;;;;;;;;;;;;;;;;;;;;;;;;;;;;;
0;1002;1241;1480;2458;2711;2977;4062;4298;4549;;;;;;;;;;;;;;;;;;;;;;;;;;;;;;;;;;;;;
0;1043;1298;1560;2572;2833;3105;4231;4488;4746;;;;;;;;;;;;;;;;;;;;;;;;;;;;;;;;;;;;;
0;699;983;2375;2647;2916;4221;4541;;;;;;;;;;;;;;;;;;;;;;;;;;;;;;;;;;;;;;;
0;330;677;2011;2410;3643;3986;4352;;;;;;;;;;;;;;;;;;;;;;;;;;;;;;;;;;;;;;;
0;470;918;1252;1391;;;;;;;;;;;;;;;;;;;;;;;;;;;;;;;;;;;;;;;;;;
0;388;860;1017;1246;1755;2248;2727;2930;3134;;;;;;;;;;;;;;;;;;;;;;;;;;;;;;;;;;;;;
0;1207;1607;1823;2015;2167;2379;2763;3283;4255;4971;5627;6860;7428;7812;;;;;;;;;;;;;;;;;;;;;;;;;;;;;;;;
0;657;1424;1716;2480;3108;4006;4270;;;;;;;;;;;;;;;;;;;;;;;;;;;;;;;;;;;;;;;
0;887;1644;2044;;;;;;;;;;;;;;;;;;;;;;;;;;;;;;;;;;;;;;;;;;;
0;332;514;874;1169;1344;1706;2032;2192;;;;;;;;;;;;;;;;;;;;;;;;;;;;;;;;;;;;;;
0;440;810;1092;1537;1879;2143;2528;2782;3176;3377;3784;4151;4375;4775;5081;5305;5624;5810;;;;;;;;;;;;;;;;;;;;;;;;;;;;
0;549;1088;1260;1795;;;;;;;;;;;;;;;;;;;;;;;;;;;;;;;;;;;;;;;;;;
0;523;988;1206;1389;;;;;;;;;;;;;;;;;;;;;;;;;;;;;;;;;;;;;;;;;;
0;376;1209;1545;2374;2703;3531;3831;;;;;;;;;;;;;;;;;;;;;;;;;;;;;;;;;;;;;;;
0;483;1048;1221;;;;;;;;;;;;;;;;;;;;;;;;;;;;;;;;;;;;;;;;;;;
0;304;366;931;1041;1279;1510;;;;;;;;;;;;;;;;;;;;;;;;;;;;;;;;;;;;;;;;
0;339;421;929;1120;1292;1860;2045;;;;;;;;;;;;;;;;;;;;;;;;;;;;;;;;;;;;;;;
0;105;338;733;1169;1642;1940;;;;;;;;;;;;;;;;;;;;;;;;;;;;;;;;;;;;;;;;
0;706;1526;;;;;;;;;;;;;;;;;;;;;;;;;;;;;;;;;;;;;;;;;;;;
0;671;1053;1470;2084;2967;3446;3868;4464;;;;;;;;;;;;;;;;;;;;;;;;;;;;;;;;;;;;;;
0;759;1217;1624;2158;2926;3436;3893;4451;;;;;;;;;;;;;;;;;;;;;;;;;;;;;;;;;;;;;;
0;110;448;616;;;;;;;;;;;;;;;;;;;;;;;;;;;;;;;;;;;;;;;;;;;
0;1384;1674;2520;3775;3977;4724;;;;;;;;;;;;;;;;;;;;;;;;;;;;;;;;;;;;;;;;
0;813;1172;1864;3080;3281;3891;5029;5902;;;;;;;;;;;;;;;;;;;;;;;;;;;;;;;;;;;;;;
0;267;339;1378;1744;1851;3002;3371;3431;;;;;;;;;;;;;;;;;;;;;;;;;;;;;;;;;;;;;;
0;543;792;;;;;;;;;;;;;;;;;;;;;;;;;;;;;;;;;;;;;;;;;;;;
0;178;339;477;627;;;;;;;;;;;;;;;;;;;;;;;;;;;;;;;;;;;;;;;;;;
0;168;371;640;;;;;;;;;;;;;;;;;;;;;;;;;;;;;;;;;;;;;;;;;;;
0;422;868;;;;;;;;;;;;;;;;;;;;;;;;;;;;;;;;;;;;;;;;;;;;
0;1190;1436;1650;2373;;;;;;;;;;;;;;;;;;;;;;;;;;;;;;;;;;;;;;;;;;
0;516;728;939;1443;1662;;;;;;;;;;;;;;;;;;;;;;;;;;;;;;;;;;;;;;;;;
0;195;343;558;776;886;1031;1247;1630;;;;;;;;;;;;;;;;;;;;;;;;;;;;;;;;;;;;;;
0;279;447;666;935;1087;1246;1392;1545;1766;1997;;;;;;;;;;;;;;;;;;;;;;;;;;;;;;;;;;;;
0;135;289;511;719;960;1111;1256;1432;1664;;;;;;;;;;;;;;;;;;;;;;;;;;;;;;;;;;;;;
0;178;381;1209;1349;1540;;;;;;;;;;;;;;;;;;;;;;;;;;;;;;;;;;;;;;;;;
0;269;465;717;964;1162;1500;1779;2056;2313;2460;2652;;;;;;;;;;;;;;;;;;;;;;;;;;;;;;;;;;;
0;490;825;1010;1255;1438;1908;2568;2867;;;;;;;;;;;;;;;;;;;;;;;;;;;;;;;;;;;;;;
0;1380;1546;2104;;;;;;;;;;;;;;;;;;;;;;;;;;;;;;;;;;;;;;;;;;;
0;299;482;698;1068;1765;2133;;;;;;;;;;;;;;;;;;;;;;;;;;;;;;;;;;;;;;;;
0;215;450;734;1149;;;;;;;;;;;;;;;;;;;;;;;;;;;;;;;;;;;;;;;;;;
0;264;504;;;;;;;;;;;;;;;;;;;;;;;;;;;;;;;;;;;;;;;;;;;;
0;201;1265;;;;;;;;;;;;;;;;;;;;;;;;;;;;;;;;;;;;;;;;;;;;
0;429;622;957;1362;1610;1860;;;;;;;;;;;;;;;;;;;;;;;;;;;;;;;;;;;;;;;;
0;233;401;1345;1529;;;;;;;;;;;;;;;;;;;;;;;;;;;;;;;;;;;;;;;;;;
0;1129;1474;2604;;;;;;;;;;;;;;;;;;;;;;;;;;;;;;;;;;;;;;;;;;;
0;175;748;;;;;;;;;;;;;;;;;;;;;;;;;;;;;;;;;;;;;;;;;;;;
0;463;1022;;;;;;;;;;;;;;;;;;;;;;;;;;;;;;;;;;;;;;;;;;;;
0;160;1130;;;;;;;;;;;;;;;;;;;;;;;;;;;;;;;;;;;;;;;;;;;;
0;1119;1718;;;;;;;;;;;;;;;;;;;;;;;;;;;;;;;;;;;;;;;;;;;;
0;278;446;645;929;1564;1928;;;;;;;;;;;;;;;;;;;;;;;;;;;;;;;;;;;;;;;;
0;811;1144;1623;1876;2412;2779;3268;3734;;;;;;;;;;;;;;;;;;;;;;;;;;;;;;;;;;;;;;
0;725;1137;1560;1925;2510;2868;3454;4048;;;;;;;;;;;;;;;;;;;;;;;;;;;;;;;;;;;;;;
0;197;381;;;;;;;;;;;;;;;;;;;;;;;;;;;;;;;;;;;;;;;;;;;;
0;232;463;;;;;;;;;;;;;;;;;;;;;;;;;;;;;;;;;;;;;;;;;;;;
0;1130;1828;2205;;;;;;;;;;;;;;;;;;;;;;;;;;;;;;;;;;;;;;;;;;;
0;417;805;;;;;;;;;;;;;;;;;;;;;;;;;;;;;;;;;;;;;;;;;;;;
0;296;925;1110;1287;;;;;;;;;;;;;;;;;;;;;;;;;;;;;;;;;;;;;;;;;;
0;396;839;1344;2022;2331;2670;3070;;;;;;;;;;;;;;;;;;;;;;;;;;;;;;;;;;;;;;;
0;260;504;744;1043;1946;2828;3455;3721;4038;4305;4608;;;;;;;;;;;;;;;;;;;;;;;;;;;;;;;;;;;
0;592;1239;1896;;;;;;;;;;;;;;;;;;;;;;;;;;;;;;;;;;;;;;;;;;;
0;607;1058;1203;1526;1804;;;;;;;;;;;;;;;;;;;;;;;;;;;;;;;;;;;;;;;;;
0;415;835;1036;1207;1586;1766;1953;2118;2502;2651;;;;;;;;;;;;;;;;;;;;;;;;;;;;;;;;;;;;
0;337;453;768;;;;;;;;;;;;;;;;;;;;;;;;;;;;;;;;;;;;;;;;;;;
0;215;397;;;;;;;;;;;;;;;;;;;;;;;;;;;;;;;;;;;;;;;;;;;;
0;795;1014;;;;;;;;;;;;;;;;;;;;;;;;;;;;;;;;;;;;;;;;;;;;
0;1218;1720;2215;2797;3323;3845;4397;5038;5646;6287;6805;7309;8709;9343;9973;10621;11117;11326;11513;11717;11893;12086;12277;12450;12634;12792;12965;13215;13334;13519;13696;13871;14055;14233;14407;14582;14768;14932;15095;15276;15431;15607;15777;15951;16324;16693
0;555;1078;;;;;;;;;;;;;;;;;;;;;;;;;;;;;;;;;;;;;;;;;;;;
0;1362;2100;2916;;;;;;;;;;;;;;;;;;;;;;;;;;;;;;;;;;;;;;;;;;;
0;532;849;;;;;;;;;;;;;;;;;;;;;;;;;;;;;;;;;;;;;;;;;;;;
0;229;486;700;940;;;;;;;;;;;;;;;;;;;;;;;;;;;;;;;;;;;;;;;;;;
0;214;484;1010;1263;;;;;;;;;;;;;;;;;;;;;;;;;;;;;;;;;;;;;;;;;;
0;243;535;1065;1304;;;;;;;;;;;;;;;;;;;;;;;;;;;;;;;;;;;;;;;;;;
0;195;316;587;1035;1324;;;;;;;;;;;;;;;;;;;;;;;;;;;;;;;;;;;;;;;;;
0;751;1086;;;;;;;;;;;;;;;;;;;;;;;;;;;;;;;;;;;;;;;;;;;;
0;596;1789;2863;3231;3645;;;;;;;;;;;;;;;;;;;;;;;;;;;;;;;;;;;;;;;;;
0;873;1881;2284;2703;;;;;;;;;;;;;;;;;;;;;;;;;;;;;;;;;;;;;;;;;;
0;978;1928;2323;2726;;;;;;;;;;;;;;;;;;;;;;;;;;;;;;;;;;;;;;;;;;
0;1266;1461;1811;2011;2526;3532;;;;;;;;;;;;;;;;;;;;;;;;;;;;;;;;;;;;;;;;
0;864;1622;;;;;;;;;;;;;;;;;;;;;;;;;;;;;;;;;;;;;;;;;;;;
0;446;695;;;;;;;;;;;;;;;;;;;;;;;;;;;;;;;;;;;;;;;;;;;;
0;135;635;971;;;;;;;;;;;;;;;;;;;;;;;;;;;;;;;;;;;;;;;;;;;
0;368;730;1422;1644;1894;;;;;;;;;;;;;;;;;;;;;;;;;;;;;;;;;;;;;;;;;
0;272;567;1317;1652;1972;;;;;;;;;;;;;;;;;;;;;;;;;;;;;;;;;;;;;;;;;
0;384;725;1433;1798;2029;;;;;;;;;;;;;;;;;;;;;;;;;;;;;;;;;;;;;;;;;
0;661;1117;1539;2667;3287;3691;4071;;;;;;;;;;;;;;;;;;;;;;;;;;;;;;;;;;;;;;;
0;113;771;1593;1745;2328;3114;3264;3724;;;;;;;;;;;;;;;;;;;;;;;;;;;;;;;;;;;;;;
0;229;675;918;1364;;;;;;;;;;;;;;;;;;;;;;;;;;;;;;;;;;;;;;;;;;
0;443;918;1801;2004;2516;3020;;;;;;;;;;;;;;;;;;;;;;;;;;;;;;;;;;;;;;;;
0;294;555;1182;1814;2079;2334;2904;3469;3699;3933;4454;5009;5209;5464;;;;;;;;;;;;;;;;;;;;;;;;;;;;;;;;
0;481;972;1831;2296;2736;2920;3138;3332;;;;;;;;;;;;;;;;;;;;;;;;;;;;;;;;;;;;;;
0;344;661;982;1310;1891;2581;2874;3158;3430;3729;4738;5038;5305;5562;5868;6775;7066;7333;7619;7935;8623;9303;9569;9852;10113;10455;;;;;;;;;;;;;;;;;;;;
0;409;831;1255;1749;2404;;;;;;;;;;;;;;;;;;;;;;;;;;;;;;;;;;;;;;;;;
0;177;349;497;667;977;1456;;;;;;;;;;;;;;;;;;;;;;;;;;;;;;;;;;;;;;;;
0;248;480;767;953;1189;1414;;;;;;;;;;;;;;;;;;;;;;;;;;;;;;;;;;;;;;;;
0;387;728;1072;1423;1704;2045;2343;2717;2993;;;;;;;;;;;;;;;;;;;;;;;;;;;;;;;;;;;;;
0;159;327;630;;;;;;;;;;;;;;;;;;;;;;;;;;;;;;;;;;;;;;;;;;;
0;593;1266;;;;;;;;;;;;;;;;;;;;;;;;;;;;;;;;;;;;;;;;;;;;
0;193;386;;;;;;;;;;;;;;;;;;;;;;;;;;;;;;;;;;;;;;;;;;;;
0;177;375;557;1942;2077;2313;2938;;;;;;;;;;;;;;;;;;;;;;;;;;;;;;;;;;;;;;;
0;147;1200;1703;;;;;;;;;;;;;;;;;;;;;;;;;;;;;;;;;;;;;;;;;;;
0;207;448;853;1083;1285;;;;;;;;;;;;;;;;;;;;;;;;;;;;;;;;;;;;;;;;;
0;1455;1510;2536;;;;;;;;;;;;;;;;;;;;;;;;;;;;;;;;;;;;;;;;;;;
0;783;1036;1714;;;;;;;;;;;;;;;;;;;;;;;;;;;;;;;;;;;;;;;;;;;
0;839;1064;1118;1347;1400;;;;;;;;;;;;;;;;;;;;;;;;;;;;;;;;;;;;;;;;;
0;919;1150;1988;;;;;;;;;;;;;;;;;;;;;;;;;;;;;;;;;;;;;;;;;;;
0;847;898;1183;1239;;;;;;;;;;;;;;;;;;;;;;;;;;;;;;;;;;;;;;;;;;
0;1279;1464;2604;2862;3871;4163;4410;;;;;;;;;;;;;;;;;;;;;;;;;;;;;;;;;;;;;;;
0;247;631;816;1004;1254;1449;1603;1763;1923;2068;2231;2371;2690;2833;2997;3140;3301;3467;3618;3769;3925;4099;4269;;;;;;;;;;;;;;;;;;;;;;;
0;373;804;;;;;;;;;;;;;;;;;;;;;;;;;;;;;;;;;;;;;;;;;;;;
0;400;866;;;;;;;;;;;;;;;;;;;;;;;;;;;;;;;;;;;;;;;;;;;;
0;1501;2749;;;;;;;;;;;;;;;;;;;;;;;;;;;;;;;;;;;;;;;;;;;;
0;446;1008;;;;;;;;;;;;;;;;;;;;;;;;;;;;;;;;;;;;;;;;;;;;
0;237;266;617;1048;;;;;;;;;;;;;;;;;;;;;;;;;;;;;;;;;;;;;;;;;;
0;426;452;1083;1515;;;;;;;;;;;;;;;;;;;;;;;;;;;;;;;;;;;;;;;;;;
0;542;1138;;;;;;;;;;;;;;;;;;;;;;;;;;;;;;;;;;;;;;;;;;;;
0;350;665;906;1169;1404;;;;;;;;;;;;;;;;;;;;;;;;;;;;;;;;;;;;;;;;;
0;339;654;;;;;;;;;;;;;;;;;;;;;;;;;;;;;;;;;;;;;;;;;;;;
0;437;711;971;;;;;;;;;;;;;;;;;;;;;;;;;;;;;;;;;;;;;;;;;;;
0;1139;1368;1586;2031;2299;3122;3353;;;;;;;;;;;;;;;;;;;;;;;;;;;;;;;;;;;;;;;
0;334;493;650;974;1596;1885;;;;;;;;;;;;;;;;;;;;;;;;;;;;;;;;;;;;;;;;
0;169;1668;1845;2445;2576;2701;2855;2985;;;;;;;;;;;;;;;;;;;;;;;;;;;;;;;;;;;;;;
0;612;1642;1815;;;;;;;;;;;;;;;;;;;;;;;;;;;;;;;;;;;;;;;;;;;
0;166;1499;2000;2528;;;;;;;;;;;;;;;;;;;;;;;;;;;;;;;;;;;;;;;;;;
0;177;1484;1637;;;;;;;;;;;;;;;;;;;;;;;;;;;;;;;;;;;;;;;;;;;
0;440;1061;1604;;;;;;;;;;;;;;;;;;;;;;;;;;;;;;;;;;;;;;;;;;;
0;181;809;977;1130;1644;;;;;;;;;;;;;;;;;;;;;;;;;;;;;;;;;;;;;;;;;
0;179;783;913;1104;;;;;;;;;;;;;;;;;;;;;;;;;;;;;;;;;;;;;;;;;;
0;230;551;1091;1421;1758;2209;2431;;;;;;;;;;;;;;;;;;;;;;;;;;;;;;;;;;;;;;;
0;264;723;985;2487;2748;3169;3441;4040;4333;4682;4967;;;;;;;;;;;;;;;;;;;;;;;;;;;;;;;;;;;
0;260;659;859;1135;2245;2723;3106;3319;3571;3939;4195;4536;4739;4988;;;;;;;;;;;;;;;;;;;;;;;;;;;;;;;;
0;345;632;844;1331;1498;1695;1968;2168;;;;;;;;;;;;;;;;;;;;;;;;;;;;;;;;;;;;;;
0;184;349;533;816;1000;1250;1434;1585;1785;2208;;;;;;;;;;;;;;;;;;;;;;;;;;;;;;;;;;;;
0;927;1716;;;;;;;;;;;;;;;;;;;;;;;;;;;;;;;;;;;;;;;;;;;;
0;828;1610;1972;2544;3109;;;;;;;;;;;;;;;;;;;;;;;;;;;;;;;;;;;;;;;;;
0;167;331;554;757;998;1198;1438;1656;1871;2087;3586;3771;;;;;;;;;;;;;;;;;;;;;;;;;;;;;;;;;;
0;857;1880;2124;2525;;;;;;;;;;;;;;;;;;;;;;;;;;;;;;;;;;;;;;;;;;
0;624;827;1026;1593;;;;;;;;;;;;;;;;;;;;;;;;;;;;;;;;;;;;;;;;;;
0;588;772;955;1188;;;;;;;;;;;;;;;;;;;;;;;;;;;;;;;;;;;;;;;;;;
0;645;825;;;;;;;;;;;;;;;;;;;;;;;;;;;;;;;;;;;;;;;;;;;;
0;722;921;;;;;;;;;;;;;;;;;;;;;;;;;;;;;;;;;;;;;;;;;;;;
0;188;269;;;;;;;;;;;;;;;;;;;;;;;;;;;;;;;;;;;;;;;;;;;;
0;576;747;920;1268;1621;1967;;;;;;;;;;;;;;;;;;;;;;;;;;;;;;;;;;;;;;;;
0;430;610;787;1108;1466;1823;;;;;;;;;;;;;;;;;;;;;;;;;;;;;;;;;;;;;;;;
0;681;1382;1617;1982;2450;2650;3114;;;;;;;;;;;;;;;;;;;;;;;;;;;;;;;;;;;;;;;
0;365;571;880;1259;;;;;;;;;;;;;;;;;;;;;;;;;;;;;;;;;;;;;;;;;;
0;389;620;1057;1464;1700;2115;;;;;;;;;;;;;;;;;;;;;;;;;;;;;;;;;;;;;;;;
0;457;600;937;1577;1975;;;;;;;;;;;;;;;;;;;;;;;;;;;;;;;;;;;;;;;;;
0;215;450;721;;;;;;;;;;;;;;;;;;;;;;;;;;;;;;;;;;;;;;;;;;;
0;388;560;726;953;;;;;;;;;;;;;;;;;;;;;;;;;;;;;;;;;;;;;;;;;;
0;298;453;625;;;;;;;;;;;;;;;;;;;;;;;;;;;;;;;;;;;;;;;;;;;
0;154;443;600;896;1050;;;;;;;;;;;;;;;;;;;;;;;;;;;;;;;;;;;;;;;;;
0;242;554;781;1008;1274;;;;;;;;;;;;;;;;;;;;;;;;;;;;;;;;;;;;;;;;;
0;120;316;430;693;1080;;;;;;;;;;;;;;;;;;;;;;;;;;;;;;;;;;;;;;;;;
0;538;684;834;967;1079;;;;;;;;;;;;;;;;;;;;;;;;;;;;;;;;;;;;;;;;;
0;340;465;594;862;1050;1270;;;;;;;;;;;;;;;;;;;;;;;;;;;;;;;;;;;;;;;;
0;217;462;633;945;1107;1440;1616;1932;2209;2516;;;;;;;;;;;;;;;;;;;;;;;;;;;;;;;;;;;;
0;194;802;;;;;;;;;;;;;;;;;;;;;;;;;;;;;;;;;;;;;;;;;;;;
0;623;820;1217;1678;3103;;;;;;;;;;;;;;;;;;;;;;;;;;;;;;;;;;;;;;;;;
0;470;666;848;1064;1264;1750;2498;2681;2864;3060;;;;;;;;;;;;;;;;;;;;;;;;;;;;;;;;;;;;
0;547;795;995;1163;;;;;;;;;;;;;;;;;;;;;;;;;;;;;;;;;;;;;;;;;;
0;384;1053;1588;2091;2419;2588;2754;2954;3203;;;;;;;;;;;;;;;;;;;;;;;;;;;;;;;;;;;;;
0;602;1638;1895;;;;;;;;;;;;;;;;;;;;;;;;;;;;;;;;;;;;;;;;;;;
0;868;1689;2577;3357;;;;;;;;;;;;;;;;;;;;;;;;;;;;;;;;;;;;;;;;;;
0;717;880;1080;1245;;;;;;;;;;;;;;;;;;;;;;;;;;;;;;;;;;;;;;;;;;
0;1002;1212;1410;1628;1827;;;;;;;;;;;;;;;;;;;;;;;;;;;;;;;;;;;;;;;;;
0;691;917;1152;1500;2524;3361;3617;3882;4150;;;;;;;;;;;;;;;;;;;;;;;;;;;;;;;;;;;;;
0;683;925;1108;1293;1574;;;;;;;;;;;;;;;;;;;;;;;;;;;;;;;;;;;;;;;;;
0;140;1538;;;;;;;;;;;;;;;;;;;;;;;;;;;;;;;;;;;;;;;;;;;;
0;146;1044;;;;;;;;;;;;;;;;;;;;;;;;;;;;;;;;;;;;;;;;;;;;
0;1154;1318;;;;;;;;;;;;;;;;;;;;;;;;;;;;;;;;;;;;;;;;;;;;
0;183;873;1075;1232;2137;2343;;;;;;;;;;;;;;;;;;;;;;;;;;;;;;;;;;;;;;;;
0;549;1095;;;;;;;;;;;;;;;;;;;;;;;;;;;;;;;;;;;;;;;;;;;;
0;587;1278;;;;;;;;;;;;;;;;;;;;;;;;;;;;;;;;;;;;;;;;;;;;
0;565;1212;;;;;;;;;;;;;;;;;;;;;;;;;;;;;;;;;;;;;;;;;;;;
0;708;842;1012;;;;;;;;;;;;;;;;;;;;;;;;;;;;;;;;;;;;;;;;;;;
0;629;888;1157;1656;2250;2496;2744;3227;3836;4094;4343;4770;5456;5693;5916;;;;;;;;;;;;;;;;;;;;;;;;;;;;;;;
0;598;822;1543;2199;2419;2666;3251;;;;;;;;;;;;;;;;;;;;;;;;;;;;;;;;;;;;;;;
0;327;641;;;;;;;;;;;;;;;;;;;;;;;;;;;;;;;;;;;;;;;;;;;;
0;166;1325;1517;1730;1851;2400;2617;2849;3417;3639;3831;4098;4946;5166;5352;5650;6049;6501;6966;7168;7336;7566;7785;8319;8533;8818;9199;9637;10070;10282;10636;11323;11501;11665;11819;12020;12167;12317;12502;;;;;;;
0;200;466;934;1877;2134;2417;2852;;;;;;;;;;;;;;;;;;;;;;;;;;;;;;;;;;;;;;;
0;319;637;984;1748;2002;2270;2552;3364;3685;4069;4469;4801;5051;6399;6718;7182;8066;8237;8402;8837;9558;9752;10003;10287;10753;;;;;;;;;;;;;;;;;;;;;
0;204;522;1175;1367;1533;1802;2238;2402;2938;3334;3735;3958;4151;;;;;;;;;;;;;;;;;;;;;;;;;;;;;;;;;
0;378;812;1026;1296;1795;1977;2177;2410;2829;3011;3281;4163;4561;4980;5177;5394;5729;6226;6411;6628;6912;7359;7528;7795;8531;8931;9338;9595;9829;10079;10664;10845;11062;11314;11547;11913;12095;;;;;;;;;
0;855;1651;1896;2199;2941;3399;3882;4148;4381;5127;5599;6066;6313;6581;7215;7682;8183;8415;8716;9300;9833;10367;10547;10799;11350;11866;12366;12564;12814;13440;13906;14401;14615;14847;15352;15858;16352;16549;16781;17266;17753;18216;18434;18716;;
0;1159;2328;3018;;;;;;;;;;;;;;;;;;;;;;;;;;;;;;;;;;;;;;;;;;;
0;796;1350;1621;;;;;;;;;;;;;;;;;;;;;;;;;;;;;;;;;;;;;;;;;;;
0;482;771;1112;1832;2655;3343;;;;;;;;;;;;;;;;;;;;;;;;;;;;;;;;;;;;;;;;
0;355;626;;;;;;;;;;;;;;;;;;;;;;;;;;;;;;;;;;;;;;;;;;;;
0;536;832;2027;2188;2438;;;;;;;;;;;;;;;;;;;;;;;;;;;;;;;;;;;;;;;;;
0;1040;2241;2777;;;;;;;;;;;;;;;;;;;;;;;;;;;;;;;;;;;;;;;;;;;
0;702;1244;1873;2488;;;;;;;;;;;;;;;;;;;;;;;;;;;;;;;;;;;;;;;;;;
0;195;653;759;1245;1860;;;;;;;;;;;;;;;;;;;;;;;;;;;;;;;;;;;;;;;;;
0;259;775;;;;;;;;;;;;;;;;;;;;;;;;;;;;;;;;;;;;;;;;;;;;
0;185;1282;2673;;;;;;;;;;;;;;;;;;;;;;;;;;;;;;;;;;;;;;;;;;;
0;181;347;535;;;;;;;;;;;;;;;;;;;;;;;;;;;;;;;;;;;;;;;;;;;
0;460;825;2108;2250;2383;3540;3682;4280;4433;;;;;;;;;;;;;;;;;;;;;;;;;;;;;;;;;;;;;
0;253;1222;1494;;;;;;;;;;;;;;;;;;;;;;;;;;;;;;;;;;;;;;;;;;;
0;689;981;;;;;;;;;;;;;;;;;;;;;;;;;;;;;;;;;;;;;;;;;;;;
0;245;462;1818;2081;;;;;;;;;;;;;;;;;;;;;;;;;;;;;;;;;;;;;;;;;;
0;456;1023;1219;1482;;;;;;;;;;;;;;;;;;;;;;;;;;;;;;;;;;;;;;;;;;
0;203;659;830;;;;;;;;;;;;;;;;;;;;;;;;;;;;;;;;;;;;;;;;;;;
0;728;893;1385;1842;;;;;;;;;;;;;;;;;;;;;;;;;;;;;;;;;;;;;;;;;;
0;227;495;761;1055;1280;1577;1805;2086;2345;2598;;;;;;;;;;;;;;;;;;;;;;;;;;;;;;;;;;;;
0;454;1148;1871;2351;2895;;;;;;;;;;;;;;;;;;;;;;;;;;;;;;;;;;;;;;;;;
0;485;1161;2169;2453;2763;;;;;;;;;;;;;;;;;;;;;;;;;;;;;;;;;;;;;;;;;
0;345;750;922;1154;1565;1722;1900;2149;2516;2698;;;;;;;;;;;;;;;;;;;;;;;;;;;;;;;;;;;;
0;730;1983;;;;;;;;;;;;;;;;;;;;;;;;;;;;;;;;;;;;;;;;;;;;
0;855;1098;;;;;;;;;;;;;;;;;;;;;;;;;;;;;;;;;;;;;;;;;;;;
0;278;404;;;;;;;;;;;;;;;;;;;;;;;;;;;;;;;;;;;;;;;;;;;;
0;582;1650;;;;;;;;;;;;;;;;;;;;;;;;;;;;;;;;;;;;;;;;;;;;
0;221;431;1281;1498;1730;2671;2892;3120;;;;;;;;;;;;;;;;;;;;;;;;;;;;;;;;;;;;;;
0;1314;1615;1866;;;;;;;;;;;;;;;;;;;;;;;;;;;;;;;;;;;;;;;;;;;
0;884;1169;1548;;;;;;;;;;;;;;;;;;;;;;;;;;;;;;;;;;;;;;;;;;;
0;192;379;569;787;1065;;;;;;;;;;;;;;;;;;;;;;;;;;;;;;;;;;;;;;;;;
0;250;466;869;1183;;;;;;;;;;;;;;;;;;;;;;;;;;;;;;;;;;;;;;;;;;
0;219;571;781;941;1131;1365;1821;;;;;;;;;;;;;;;;;;;;;;;;;;;;;;;;;;;;;;;
0;388;700;1008;;;;;;;;;;;;;;;;;;;;;;;;;;;;;;;;;;;;;;;;;;;
0;488;1055;1319;;;;;;;;;;;;;;;;;;;;;;;;;;;;;;;;;;;;;;;;;;;
0;771;1452;;;;;;;;;;;;;;;;;;;;;;;;;;;;;;;;;;;;;;;;;;;;
0;546;785;921;999;;;;;;;;;;;;;;;;;;;;;;;;;;;;;;;;;;;;;;;;;;
0;117;351;;;;;;;;;;;;;;;;;;;;;;;;;;;;;;;;;;;;;;;;;;;;
0;522;1056;1342;1657;;;;;;;;;;;;;;;;;;;;;;;;;;;;;;;;;;;;;;;;;;
0;171;1515;;;;;;;;;;;;;;;;;;;;;;;;;;;;;;;;;;;;;;;;;;;;
0;155;584;1072;1237;2047;2206;2354;2499;;;;;;;;;;;;;;;;;;;;;;;;;;;;;;;;;;;;;;
0;469;1090;;;;;;;;;;;;;;;;;;;;;;;;;;;;;;;;;;;;;;;;;;;;
0;135;293;444;866;1255;1397;;;;;;;;;;;;;;;;;;;;;;;;;;;;;;;;;;;;;;;;
0;205;434;;;;;;;;;;;;;;;;;;;;;;;;;;;;;;;;;;;;;;;;;;;;
0;251;616;861;1232;1486;;;;;;;;;;;;;;;;;;;;;;;;;;;;;;;;;;;;;;;;;
0;162;392;920;1418;1560;;;;;;;;;;;;;;;;;;;;;;;;;;;;;;;;;;;;;;;;;
0;135;603;1167;1790;1901;;;;;;;;;;;;;;;;;;;;;;;;;;;;;;;;;;;;;;;;;
0;1052;1532;2848;3000;3167;3354;4415;4554;4729;4916;;;;;;;;;;;;;;;;;;;;;;;;;;;;;;;;;;;;
0;481;1288;1481;1919;;;;;;;;;;;;;;;;;;;;;;;;;;;;;;;;;;;;;;;;;;
0;148;301;472;;;;;;;;;;;;;;;;;;;;;;;;;;;;;;;;;;;;;;;;;;;
0;739;918;1369;;;;;;;;;;;;;;;;;;;;;;;;;;;;;;;;;;;;;;;;;;;
0;337;484;723;956;1183;1457;1727;;;;;;;;;;;;;;;;;;;;;;;;;;;;;;;;;;;;;;;
0;787;1754;;;;;;;;;;;;;;;;;;;;;;;;;;;;;;;;;;;;;;;;;;;;
0;160;378;;;;;;;;;;;;;;;;;;;;;;;;;;;;;;;;;;;;;;;;;;;;
0;481;697;1063;;;;;;;;;;;;;;;;;;;;;;;;;;;;;;;;;;;;;;;;;;;
0;744;1036;1563;2185;;;;;;;;;;;;;;;;;;;;;;;;;;;;;;;;;;;;;;;;;;
0;868;1156;1378;1955;2257;2687;3157;3608;;;;;;;;;;;;;;;;;;;;;;;;;;;;;;;;;;;;;;
0;280;560;731;925;;;;;;;;;;;;;;;;;;;;;;;;;;;;;;;;;;;;;;;;;;
0;206;463;758;;;;;;;;;;;;;;;;;;;;;;;;;;;;;;;;;;;;;;;;;;;
0;212;672;961;1145;1320;;;;;;;;;;;;;;;;;;;;;;;;;;;;;;;;;;;;;;;;;
0;474;667;1064;1417;1763;2136;;;;;;;;;;;;;;;;;;;;;;;;;;;;;;;;;;;;;;;;
0;734;937;1143;1374;1638;2020;2471;2696;2904;3144;3421;3806;4239;4480;4736;4970;5190;5420;5654;5871;6126;6358;6605;6877;;;;;;;;;;;;;;;;;;;;;;
0;160;1253;1494;;;;;;;;;;;;;;;;;;;;;;;;;;;;;;;;;;;;;;;;;;;
0;181;800;1015;;;;;;;;;;;;;;;;;;;;;;;;;;;;;;;;;;;;;;;;;;;
0;499;698;921;1441;2317;2760;;;;;;;;;;;;;;;;;;;;;;;;;;;;;;;;;;;;;;;;
0;638;1149;1337;1686;1996;2686;2906;3189;3492;3852;;;;;;;;;;;;;;;;;;;;;;;;;;;;;;;;;;;;
0;774;951;1390;;;;;;;;;;;;;;;;;;;;;;;;;;;;;;;;;;;;;;;;;;;
0;308;494;653;948;1513;1808;;;;;;;;;;;;;;;;;;;;;;;;;;;;;;;;;;;;;;;;
0;300;758;999;1381;1643;2023;2284;2765;3017;3620;4088;4319;;;;;;;;;;;;;;;;;;;;;;;;;;;;;;;;;;
0;302;619;;;;;;;;;;;;;;;;;;;;;;;;;;;;;;;;;;;;;;;;;;;;
0;1090;2323;;;;;;;;;;;;;;;;;;;;;;;;;;;;;;;;;;;;;;;;;;;;
0;226;889;1127;1834;2068;3414;4167;4416;;;;;;;;;;;;;;;;;;;;;;;;;;;;;;;;;;;;;;
0;1474;2621;2633;3045;3061;;;;;;;;;;;;;;;;;;;;;;;;;;;;;;;;;;;;;;;;;
0;1214;1630;1710;2126;2134;2530;;;;;;;;;;;;;;;;;;;;;;;;;;;;;;;;;;;;;;;;
0;782;794;1170;1182;1575;1595;;;;;;;;;;;;;;;;;;;;;;;;;;;;;;;;;;;;;;;;
0;220;1336;1348;2584;;;;;;;;;;;;;;;;;;;;;;;;;;;;;;;;;;;;;;;;;;
0;80;1121;1133;2242;;;;;;;;;;;;;;;;;;;;;;;;;;;;;;;;;;;;;;;;;;
0;525;701;1153;1657;;;;;;;;;;;;;;;;;;;;;;;;;;;;;;;;;;;;;;;;;;
0;232;676;868;1076;1260;;;;;;;;;;;;;;;;;;;;;;;;;;;;;;;;;;;;;;;;;
0;212;713;;;;;;;;;;;;;;;;;;;;;;;;;;;;;;;;;;;;;;;;;;;;
0;330;1114;1784;2132;;;;;;;;;;;;;;;;;;;;;;;;;;;;;;;;;;;;;;;;;;
0;501;648;813;958;1123;1562;2011;2458;2913;3075;3261;3410;3625;4062;4479;4881;5305;5473;5636;5808;6069;6444;6618;6776;6967;7151;7488;7644;7815;7946;8303;8747;;;;;;;;;;;;;;
0;1216;2377;3856;4071;;;;;;;;;;;;;;;;;;;;;;;;;;;;;;;;;;;;;;;;;;
0;727;1495;2319;;;;;;;;;;;;;;;;;;;;;;;;;;;;;;;;;;;;;;;;;;;
0;209;1304;1518;;;;;;;;;;;;;;;;;;;;;;;;;;;;;;;;;;;;;;;;;;;
0;171;677;;;;;;;;;;;;;;;;;;;;;;;;;;;;;;;;;;;;;;;;;;;;
0;826;1068;2525;2749;3028;;;;;;;;;;;;;;;;;;;;;;;;;;;;;;;;;;;;;;;;;
0;1032;1271;2362;;;;;;;;;;;;;;;;;;;;;;;;;;;;;;;;;;;;;;;;;;;
0;929;1168;2078;2317;2573;;;;;;;;;;;;;;;;;;;;;;;;;;;;;;;;;;;;;;;;;
0;1353;1967;2578;3225;;;;;;;;;;;;;;;;;;;;;;;;;;;;;;;;;;;;;;;;;;
0;430;880;1303;1814;2663;3447;3812;4234;4604;5052;6296;6689;7014;7375;7783;;;;;;;;;;;;;;;;;;;;;;;;;;;;;;;
0;693;1011;2180;2489;3227;3522;;;;;;;;;;;;;;;;;;;;;;;;;;;;;;;;;;;;;;;;
0;697;875;1491;1922;;;;;;;;;;;;;;;;;;;;;;;;;;;;;;;;;;;;;;;;;;
0;42;372;773;;;;;;;;;;;;;;;;;;;;;;;;;;;;;;;;;;;;;;;;;;;
0;186;367;514;701;1046;;;;;;;;;;;;;;;;;;;;;;;;;;;;;;;;;;;;;;;;;
0;221;439;;;;;;;;;;;;;;;;;;;;;;;;;;;;;;;;;;;;;;;;;;;;
0;657;1487;1655;1831;2126;2904;;;;;;;;;;;;;;;;;;;;;;;;;;;;;;;;;;;;;;;;
0;371;584;822;1273;;;;;;;;;;;;;;;;;;;;;;;;;;;;;;;;;;;;;;;;;;
0;545;948;1330;2395;3087;3382;3924;;;;;;;;;;;;;;;;;;;;;;;;;;;;;;;;;;;;;;;
0;964;1168;2199;2919;3164;;;;;;;;;;;;;;;;;;;;;;;;;;;;;;;;;;;;;;;;;
0;1119;1300;;;;;;;;;;;;;;;;;;;;;;;;;;;;;;;;;;;;;;;;;;;;
0;601;765;;;;;;;;;;;;;;;;;;;;;;;;;;;;;;;;;;;;;;;;;;;;
0;353;490;642;1385;1537;1669;1802;1984;;;;;;;;;;;;;;;;;;;;;;;;;;;;;;;;;;;;;;
0;1424;1726;1923;2247;2671;3004;3231;3542;;;;;;;;;;;;;;;;;;;;;;;;;;;;;;;;;;;;;;
0;403;815;1385;1645;2068;2387;2885;3218;3608;;;;;;;;;;;;;;;;;;;;;;;;;;;;;;;;;;;;;
0;479;972;1319;1633;2138;2543;2982;3434;3759;;;;;;;;;;;;;;;;;;;;;;;;;;;;;;;;;;;;;
0;441;642;;;;;;;;;;;;;;;;;;;;;;;;;;;;;;;;;;;;;;;;;;;;
0;140;487;643;1024;;;;;;;;;;;;;;;;;;;;;;;;;;;;;;;;;;;;;;;;;;
0;164;596;767;1086;1255;1966;2591;3006;3591;;;;;;;;;;;;;;;;;;;;;;;;;;;;;;;;;;;;;
0;384;648;1256;1608;2024;2840;3240;3438;4096;4449;4832;;;;;;;;;;;;;;;;;;;;;;;;;;;;;;;;;;;
0;197;679;1215;1464;1999;2487;2760;3085;3406;;;;;;;;;;;;;;;;;;;;;;;;;;;;;;;;;;;;;
0;316;666;1005;1357;2018;2662;2938;3255;3539;3889;5028;5318;5661;5960;6333;;;;;;;;;;;;;;;;;;;;;;;;;;;;;;;
0;176;376;655;825;991;1186;1421;1570;;;;;;;;;;;;;;;;;;;;;;;;;;;;;;;;;;;;;;
0;433;884;1336;1560;2037;2223;2677;3070;;;;;;;;;;;;;;;;;;;;;;;;;;;;;;;;;;;;;;
0;288;651;1000;1328;1656;1872;2270;2637;2938;3239;3557;3863;4170;4359;;;;;;;;;;;;;;;;;;;;;;;;;;;;;;;;
0;791;1009;1446;1877;2295;3146;3318;3798;4131;4514;4882;5254;5670;5911;;;;;;;;;;;;;;;;;;;;;;;;;;;;;;;;
0;801;951;1462;1831;2214;2891;3045;3617;3983;4375;4744;5102;5478;5838;;;;;;;;;;;;;;;;;;;;;;;;;;;;;;;;
0;345;518;694;1153;1350;1504;1993;2197;2379;2796;3200;3603;4029;;;;;;;;;;;;;;;;;;;;;;;;;;;;;;;;;
0;175;541;724;1113;;;;;;;;;;;;;;;;;;;;;;;;;;;;;;;;;;;;;;;;;;
0;667;1583;1851;2308;2439;2693;3026;;;;;;;;;;;;;;;;;;;;;;;;;;;;;;;;;;;;;;;
0;760;1073;1404;2034;2368;2797;3029;3301;3637;;;;;;;;;;;;;;;;;;;;;;;;;;;;;;;;;;;;;
0;148;715;;;;;;;;;;;;;;;;;;;;;;;;;;;;;;;;;;;;;;;;;;;;
0;588;1049;;;;;;;;;;;;;;;;;;;;;;;;;;;;;;;;;;;;;;;;;;;;
0;141;1145;;;;;;;;;;;;;;;;;;;;;;;;;;;;;;;;;;;;;;;;;;;;
0;1176;1339;;;;;;;;;;;;;;;;;;;;;;;;;;;;;;;;;;;;;;;;;;;;
0;901;1648;;;;;;;;;;;;;;;;;;;;;;;;;;;;;;;;;;;;;;;;;;;;
0;156;341;;;;;;;;;;;;;;;;;;;;;;;;;;;;;;;;;;;;;;;;;;;;
0;351;541;;;;;;;;;;;;;;;;;;;;;;;;;;;;;;;;;;;;;;;;;;;;
0;203;404;594;828;1105;;;;;;;;;;;;;;;;;;;;;;;;;;;;;;;;;;;;;;;;;
0;694;1280;1496;2207;2926;3654;4222;4423;5086;;;;;;;;;;;;;;;;;;;;;;;;;;;;;;;;;;;;;
0;576;768;1176;1576;2351;3089;3280;3696;4048;4489;4696;4896;5296;5664;;;;;;;;;;;;;;;;;;;;;;;;;;;;;;;;
0;311;808;1072;1576;1849;2281;2456;2650;2952;3568;3856;4488;4808;5384;5688;6304;6608;;;;;;;;;;;;;;;;;;;;;;;;;;;;;
0;554;1137;1624;2256;2680;3216;3456;3712;4192;5032;5456;5887;6799;7376;8128;8792;9256;;;;;;;;;;;;;;;;;;;;;;;;;;;;;
0;279;592;896;1488;2272;2543;2816;3112;3687;;;;;;;;;;;;;;;;;;;;;;;;;;;;;;;;;;;;;
0;625;1185;1400;2032;2769;3449;3993;4209;4872;;;;;;;;;;;;;;;;;;;;;;;;;;;;;;;;;;;;;
0;201;721;1120;;;;;;;;;;;;;;;;;;;;;;;;;;;;;;;;;;;;;;;;;;;
0;163;549;;;;;;;;;;;;;;;;;;;;;;;;;;;;;;;;;;;;;;;;;;;;
0;185;650;812;;;;;;;;;;;;;;;;;;;;;;;;;;;;;;;;;;;;;;;;;;;
0;546;724;1282;1549;1830;2265;2629;2966;;;;;;;;;;;;;;;;;;;;;;;;;;;;;;;;;;;;;;
0;459;616;;;;;;;;;;;;;;;;;;;;;;;;;;;;;;;;;;;;;;;;;;;;
0;580;756;1173;1461;1835;;;;;;;;;;;;;;;;;;;;;;;;;;;;;;;;;;;;;;;;;
0;509;674;1140;1453;1767;2054;2378;2620;;;;;;;;;;;;;;;;;;;;;;;;;;;;;;;;;;;;;;
0;198;416;1879;2077;2261;;;;;;;;;;;;;;;;;;;;;;;;;;;;;;;;;;;;;;;;;
0;176;359;1302;1500;1668;2828;3012;3192;;;;;;;;;;;;;;;;;;;;;;;;;;;;;;;;;;;;;;
0;195;385;;;;;;;;;;;;;;;;;;;;;;;;;;;;;;;;;;;;;;;;;;;;
0;200;1210;;;;;;;;;;;;;;;;;;;;;;;;;;;;;;;;;;;;;;;;;;;;
0;204;1372;;;;;;;;;;;;;;;;;;;;;;;;;;;;;;;;;;;;;;;;;;;;
0;802;1452;;;;;;;;;;;;;;;;;;;;;;;;;;;;;;;;;;;;;;;;;;;;
0;662;1326;1548;1764;2300;;;;;;;;;;;;;;;;;;;;;;;;;;;;;;;;;;;;;;;;;
0;199;377;561;795;1571;;;;;;;;;;;;;;;;;;;;;;;;;;;;;;;;;;;;;;;;;
0;193;430;1199;1935;2104;2302;;;;;;;;;;;;;;;;;;;;;;;;;;;;;;;;;;;;;;;;
0;954;1202;2014;2926;3136;;;;;;;;;;;;;;;;;;;;;;;;;;;;;;;;;;;;;;;;;
0;110;1558;2528;;;;;;;;;;;;;;;;;;;;;;;;;;;;;;;;;;;;;;;;;;;
0;182;407;618;;;;;;;;;;;;;;;;;;;;;;;;;;;;;;;;;;;;;;;;;;;
0;1491;1669;1845;2027;2198;2401;2585;2744;2944;3128;;;;;;;;;;;;;;;;;;;;;;;;;;;;;;;;;;;;
0;327;536;678;993;;;;;;;;;;;;;;;;;;;;;;;;;;;;;;;;;;;;;;;;;;
0;303;699;862;1054;1408;1566;1714;2004;2399;2541;;;;;;;;;;;;;;;;;;;;;;;;;;;;;;;;;;;;
0;232;480;753;944;1128;1432;;;;;;;;;;;;;;;;;;;;;;;;;;;;;;;;;;;;;;;;
0;535;749;1063;1348;1614;2239;;;;;;;;;;;;;;;;;;;;;;;;;;;;;;;;;;;;;;;;
0;578;1147;1690;2246;2791;3342;;;;;;;;;;;;;;;;;;;;;;;;;;;;;;;;;;;;;;;;
0;43;315;472;800;;;;;;;;;;;;;;;;;;;;;;;;;;;;;;;;;;;;;;;;;;
0;678;1285;1457;;;;;;;;;;;;;;;;;;;;;;;;;;;;;;;;;;;;;;;;;;;
0;526;773;820;1403;1876;;;;;;;;;;;;;;;;;;;;;;;;;;;;;;;;;;;;;;;;;
0;396;568;845;1010;;;;;;;;;;;;;;;;;;;;;;;;;;;;;;;;;;;;;;;;;;
0;765;1321;1474;1630;;;;;;;;;;;;;;;;;;;;;;;;;;;;;;;;;;;;;;;;;;
0;601;1055;;;;;;;;;;;;;;;;;;;;;;;;;;;;;;;;;;;;;;;;;;;;
0;587;1266;2098;2506;2572;;;;;;;;;;;;;;;;;;;;;;;;;;;;;;;;;;;;;;;;;
0;240;558;1068;1420;;;;;;;;;;;;;;;;;;;;;;;;;;;;;;;;;;;;;;;;;;
0;341;988;1556;1897;;;;;;;;;;;;;;;;;;;;;;;;;;;;;;;;;;;;;;;;;;
0;121;321;746;1405;1740;;;;;;;;;;;;;;;;;;;;;;;;;;;;;;;;;;;;;;;;;
0;406;577;754;1145;1854;2222;;;;;;;;;;;;;;;;;;;;;;;;;;;;;;;;;;;;;;;;
0;369;574;806;1190;1915;2289;;;;;;;;;;;;;;;;;;;;;;;;;;;;;;;;;;;;;;;;
0;382;532;881;1505;1798;;;;;;;;;;;;;;;;;;;;;;;;;;;;;;;;;;;;;;;;;
0;234;1072;1587;2686;3105;3360;3684;3836;3984;4115;4257;;;;;;;;;;;;;;;;;;;;;;;;;;;;;;;;;;;
0;235;378;568;832;1389;1673;;;;;;;;;;;;;;;;;;;;;;;;;;;;;;;;;;;;;;;;
0;626;1343;1765;2143;;;;;;;;;;;;;;;;;;;;;;;;;;;;;;;;;;;;;;;;;;
0;290;537;785;;;;;;;;;;;;;;;;;;;;;;;;;;;;;;;;;;;;;;;;;;;
0;428;912;1103;1307;1733;1924;2118;2318;2734;2935;;;;;;;;;;;;;;;;;;;;;;;;;;;;;;;;;;;;
0;648;855;1050;1254;2349;2513;2867;3023;3288;;;;;;;;;;;;;;;;;;;;;;;;;;;;;;;;;;;;;
0;188;376;1038;1929;2070;2229;2697;3537;3661;;;;;;;;;;;;;;;;;;;;;;;;;;;;;;;;;;;;;
0;134;278;430;1297;;;;;;;;;;;;;;;;;;;;;;;;;;;;;;;;;;;;;;;;;;
0;494;633;780;932;1488;1755;;;;;;;;;;;;;;;;;;;;;;;;;;;;;;;;;;;;;;;;
0;522;685;922;1092;1430;;;;;;;;;;;;;;;;;;;;;;;;;;;;;;;;;;;;;;;;;
0;122;261;469;;;;;;;;;;;;;;;;;;;;;;;;;;;;;;;;;;;;;;;;;;;
0;121;271;632;769;937;1284;;;;;;;;;;;;;;;;;;;;;;;;;;;;;;;;;;;;;;;;
0;444;634;778;956;1551;1903;;;;;;;;;;;;;;;;;;;;;;;;;;;;;;;;;;;;;;;;
0;477;635;831;1021;1667;2034;;;;;;;;;;;;;;;;;;;;;;;;;;;;;;;;;;;;;;;;
0;332;712;897;1056;1653;1819;;;;;;;;;;;;;;;;;;;;;;;;;;;;;;;;;;;;;;;;
0;190;416;;;;;;;;;;;;;;;;;;;;;;;;;;;;;;;;;;;;;;;;;;;;
0;605;765;946;1100;1385;2048;2387;;;;;;;;;;;;;;;;;;;;;;;;;;;;;;;;;;;;;;;
0;471;969;1175;1418;1894;2364;;;;;;;;;;;;;;;;;;;;;;;;;;;;;;;;;;;;;;;;
0;492;1039;1562;1845;2079;2577;3127;;;;;;;;;;;;;;;;;;;;;;;;;;;;;;;;;;;;;;;
0;146;339;734;1192;2175;;;;;;;;;;;;;;;;;;;;;;;;;;;;;;;;;;;;;;;;;
0;249;417;643;835;985;1170;1335;1504;1710;1904;;;;;;;;;;;;;;;;;;;;;;;;;;;;;;;;;;;;
0;649;1065;;;;;;;;;;;;;;;;;;;;;;;;;;;;;;;;;;;;;;;;;;;;
0;702;1044;1274;1817;;;;;;;;;;;;;;;;;;;;;;;;;;;;;;;;;;;;;;;;;;
0;118;762;;;;;;;;;;;;;;;;;;;;;;;;;;;;;;;;;;;;;;;;;;;;
0;601;1415;1601;2099;;;;;;;;;;;;;;;;;;;;;;;;;;;;;;;;;;;;;;;;;;
0;1183;1438;1832;;;;;;;;;;;;;;;;;;;;;;;;;;;;;;;;;;;;;;;;;;;
0;949;1201;1370;1510;1697;1832;2001;2112;2459;2615;2679;2852;;;;;;;;;;;;;;;;;;;;;;;;;;;;;;;;;;
0;338;702;939;1190;;;;;;;;;;;;;;;;;;;;;;;;;;;;;;;;;;;;;;;;;;
0;466;861;1041;1302;1606;1781;1964;2121;2377;2536;;;;;;;;;;;;;;;;;;;;;;;;;;;;;;;;;;;;
0;1377;2196;;;;;;;;;;;;;;;;;;;;;;;;;;;;;;;;;;;;;;;;;;;;
0;176;369;;;;;;;;;;;;;;;;;;;;;;;;;;;;;;;;;;;;;;;;;;;;
0;1361;1601;2840;3720;3970;;;;;;;;;;;;;;;;;;;;;;;;;;;;;;;;;;;;;;;;;
0;226;522;1518;;;;;;;;;;;;;;;;;;;;;;;;;;;;;;;;;;;;;;;;;;;
0;325;886;1436;2235;2451;2887;;;;;;;;;;;;;;;;;;;;;;;;;;;;;;;;;;;;;;;;
0;184;390;601;841;1051;1283;1506;1715;;;;;;;;;;;;;;;;;;;;;;;;;;;;;;;;;;;;;;
0;276;717;1565;1865;;;;;;;;;;;;;;;;;;;;;;;;;;;;;;;;;;;;;;;;;;
0;448;892;1286;;;;;;;;;;;;;;;;;;;;;;;;;;;;;;;;;;;;;;;;;;;
0;204;381;592;792;991;1192;1381;;;;;;;;;;;;;;;;;;;;;;;;;;;;;;;;;;;;;;;
0;570;761;1049;1678;2080;;;;;;;;;;;;;;;;;;;;;;;;;;;;;;;;;;;;;;;;;
0;607;798;1295;;;;;;;;;;;;;;;;;;;;;;;;;;;;;;;;;;;;;;;;;;;
0;784;942;1850;;;;;;;;;;;;;;;;;;;;;;;;;;;;;;;;;;;;;;;;;;;
0;737;1797;;;;;;;;;;;;;;;;;;;;;;;;;;;;;;;;;;;;;;;;;;;;
0;183;356;530;;;;;;;;;;;;;;;;;;;;;;;;;;;;;;;;;;;;;;;;;;;
0;451;606;912;1183;1614;1771;;;;;;;;;;;;;;;;;;;;;;;;;;;;;;;;;;;;;;;;
0;153;337;519;739;906;1088;1252;1488;1705;2368;;;;;;;;;;;;;;;;;;;;;;;;;;;;;;;;;;;;
0;595;782;1167;1701;;;;;;;;;;;;;;;;;;;;;;;;;;;;;;;;;;;;;;;;;;
0;1046;1692;;;;;;;;;;;;;;;;;;;;;;;;;;;;;;;;;;;;;;;;;;;;
0;202;393;570;738;927;1091;1276;1458;1626;1825;2019;2181;2376;2574;2808;2968;3150;3327;;;;;;;;;;;;;;;;;;;;;;;;;;;;
0;327;957;1341;1719;2070;2444;2783;3119;3536;3952;;;;;;;;;;;;;;;;;;;;;;;;;;;;;;;;;;;;
0;686;1649;;;;;;;;;;;;;;;;;;;;;;;;;;;;;;;;;;;;;;;;;;;;
0;216;490;836;1162;;;;;;;;;;;;;;;;;;;;;;;;;;;;;;;;;;;;;;;;;;
0;1054;2225;;;;;;;;;;;;;;;;;;;;;;;;;;;;;;;;;;;;;;;;;;;;
0;544;746;;;;;;;;;;;;;;;;;;;;;;;;;;;;;;;;;;;;;;;;;;;;
0;504;739;1053;;;;;;;;;;;;;;;;;;;;;;;;;;;;;;;;;;;;;;;;;;;
0;497;702;998;1334;;;;;;;;;;;;;;;;;;;;;;;;;;;;;;;;;;;;;;;;;;
0;247;751;995;1262;;;;;;;;;;;;;;;;;;;;;;;;;;;;;;;;;;;;;;;;;;
0;212;615;916;1195;1571;;;;;;;;;;;;;;;;;;;;;;;;;;;;;;;;;;;;;;;;;
0;1084;1651;2154;2667;;;;;;;;;;;;;;;;;;;;;;;;;;;;;;;;;;;;;;;;;;
0;288;767;1217;1679;1896;2094;2527;;;;;;;;;;;;;;;;;;;;;;;;;;;;;;;;;;;;;;;
0;1182;1527;2556;2867;2928;;;;;;;;;;;;;;;;;;;;;;;;;;;;;;;;;;;;;;;;;
0;213;394;581;755;926;1097;1274;1458;1633;1819;;;;;;;;;;;;;;;;;;;;;;;;;;;;;;;;;;;;
0;71;271;403;603;862;;;;;;;;;;;;;;;;;;;;;;;;;;;;;;;;;;;;;;;;;
0;105;270;542;866;;;;;;;;;;;;;;;;;;;;;;;;;;;;;;;;;;;;;;;;;;
0;186;339;535;669;966;;;;;;;;;;;;;;;;;;;;;;;;;;;;;;;;;;;;;;;;;
0;635;920;1694;1924;2211;2437;2719;3308;;;;;;;;;;;;;;;;;;;;;;;;;;;;;;;;;;;;;;
0;600;837;1604;;;;;;;;;;;;;;;;;;;;;;;;;;;;;;;;;;;;;;;;;;;
0;818;1006;1342;;;;;;;;;;;;;;;;;;;;;;;;;;;;;;;;;;;;;;;;;;;
0;153;343;573;819;1942;;;;;;;;;;;;;;;;;;;;;;;;;;;;;;;;;;;;;;;;;
0;945;1977;2225;2928;;;;;;;;;;;;;;;;;;;;;;;;;;;;;;;;;;;;;;;;;;
0;157;813;990;1191;1833;;;;;;;;;;;;;;;;;;;;;;;;;;;;;;;;;;;;;;;;;
0;390;1066;1240;1391;1517;2236;2678;;;;;;;;;;;;;;;;;;;;;;;;;;;;;;;;;;;;;;;
0;1135;2335;2812;;;;;;;;;;;;;;;;;;;;;;;;;;;;;;;;;;;;;;;;;;;
0;316;478;615;951;1660;1943;;;;;;;;;;;;;;;;;;;;;;;;;;;;;;;;;;;;;;;;
0;881;1868;2329;2604;;;;;;;;;;;;;;;;;;;;;;;;;;;;;;;;;;;;;;;;;;
0;165;396;628;1089;1791;;;;;;;;;;;;;;;;;;;;;;;;;;;;;;;;;;;;;;;;;
0;249;966;1186;1875;2378;2742;3638;3946;;;;;;;;;;;;;;;;;;;;;;;;;;;;;;;;;;;;;;
0;279;1048;1281;1868;;;;;;;;;;;;;;;;;;;;;;;;;;;;;;;;;;;;;;;;;;
0;450;688;1163;1412;;;;;;;;;;;;;;;;;;;;;;;;;;;;;;;;;;;;;;;;;;
0;421;1341;;;;;;;;;;;;;;;;;;;;;;;;;;;;;;;;;;;;;;;;;;;;
0;746;1238;;;;;;;;;;;;;;;;;;;;;;;;;;;;;;;;;;;;;;;;;;;;
0;299;804;2023;;;;;;;;;;;;;;;;;;;;;;;;;;;;;;;;;;;;;;;;;;;
0;339;1129;1286;2389;2638;;;;;;;;;;;;;;;;;;;;;;;;;;;;;;;;;;;;;;;;;
0;1242;1431;1633;2641;3882;4369;;;;;;;;;;;;;;;;;;;;;;;;;;;;;;;;;;;;;;;;
0;1286;1481;2254;3230;3653;;;;;;;;;;;;;;;;;;;;;;;;;;;;;;;;;;;;;;;;;
0;801;991;1250;1737;2882;3394;;;;;;;;;;;;;;;;;;;;;;;;;;;;;;;;;;;;;;;;
0;549;1143;;;;;;;;;;;;;;;;;;;;;;;;;;;;;;;;;;;;;;;;;;;;
0;726;917;1098;1284;;;;;;;;;;;;;;;;;;;;;;;;;;;;;;;;;;;;;;;;;;
0;172;696;885;;;;;;;;;;;;;;;;;;;;;;;;;;;;;;;;;;;;;;;;;;;
0;8;438;1005;;;;;;;;;;;;;;;;;;;;;;;;;;;;;;;;;;;;;;;;;;;
0;21;495;;;;;;;;;;;;;;;;;;;;;;;;;;;;;;;;;;;;;;;;;;;;
0;601;1243;1889;;;;;;;;;;;;;;;;;;;;;;;;;;;;;;;;;;;;;;;;;;;
0;317;665;;;;;;;;;;;;;;;;;;;;;;;;;;;;;;;;;;;;;;;;;;;;
0;1475;2718;2973;;;;;;;;;;;;;;;;;;;;;;;;;;;;;;;;;;;;;;;;;;;
0;416;600;;;;;;;;;;;;;;;;;;;;;;;;;;;;;;;;;;;;;;;;;;;;
0;884;1671;2823;3226;;;;;;;;;;;;;;;;;;;;;;;;;;;;;;;;;;;;;;;;;;
0;389;787;;;;;;;;;;;;;;;;;;;;;;;;;;;;;;;;;;;;;;;;;;;;
0;374;729;1180;1910;2291;2600;2900;;;;;;;;;;;;;;;;;;;;;;;;;;;;;;;;;;;;;;;
0;228;471;792;1333;2281;2914;3213;;;;;;;;;;;;;;;;;;;;;;;;;;;;;;;;;;;;;;;
0;645;1150;2267;2865;3332;;;;;;;;;;;;;;;;;;;;;;;;;;;;;;;;;;;;;;;;;
0;502;910;1432;2227;2684;3040;3434;;;;;;;;;;;;;;;;;;;;;;;;;;;;;;;;;;;;;;;
0;495;1031;1565;2093;2665;3168;3701;;;;;;;;;;;;;;;;;;;;;;;;;;;;;;;;;;;;;;;
0;182;353;854;1457;1628;1792;2063;2995;3141;3954;4584;4831;4952;5245;5545;;;;;;;;;;;;;;;;;;;;;;;;;;;;;;;
0;851;1699;;;;;;;;;;;;;;;;;;;;;;;;;;;;;;;;;;;;;;;;;;;;
0;512;832;;;;;;;;;;;;;;;;;;;;;;;;;;;;;;;;;;;;;;;;;;;;
0;977;2166;;;;;;;;;;;;;;;;;;;;;;;;;;;;;;;;;;;;;;;;;;;;
0;138;1051;2529;3270;3438;4901;5539;5706;;;;;;;;;;;;;;;;;;;;;;;;;;;;;;;;;;;;;;
0;709;1873;2511;3735;3892;4475;;;;;;;;;;;;;;;;;;;;;;;;;;;;;;;;;;;;;;;;
0;854;1932;2736;3864;4040;4588;;;;;;;;;;;;;;;;;;;;;;;;;;;;;;;;;;;;;;;;
0;315;1115;;;;;;;;;;;;;;;;;;;;;;;;;;;;;;;;;;;;;;;;;;;;
0;535;1455;2115;2960;3694;;;;;;;;;;;;;;;;;;;;;;;;;;;;;;;;;;;;;;;;;
0;1064;1241;2486;;;;;;;;;;;;;;;;;;;;;;;;;;;;;;;;;;;;;;;;;;;
0;298;1223;1445;;;;;;;;;;;;;;;;;;;;;;;;;;;;;;;;;;;;;;;;;;;
0;906;1243;2034;2361;3228;4140;5154;5411;6222;6511;;;;;;;;;;;;;;;;;;;;;;;;;;;;;;;;;;;;
0;215;463;646;;;;;;;;;;;;;;;;;;;;;;;;;;;;;;;;;;;;;;;;;;;
0;372;788;1237;1409;1780;;;;;;;;;;;;;;;;;;;;;;;;;;;;;;;;;;;;;;;;;
0;165;350;731;1453;1817;2157;2804;2968;3208;3581;4219;4611;;;;;;;;;;;;;;;;;;;;;;;;;;;;;;;;;;
0;1450;1643;2733;2921;3147;;;;;;;;;;;;;;;;;;;;;;;;;;;;;;;;;;;;;;;;;
0;888;1559;2295;2986;3711;4424;;;;;;;;;;;;;;;;;;;;;;;;;;;;;;;;;;;;;;;;
0;404;901;;;;;;;;;;;;;;;;;;;;;;;;;;;;;;;;;;;;;;;;;;;;
0;1203;2382;;;;;;;;;;;;;;;;;;;;;;;;;;;;;;;;;;;;;;;;;;;;
0;922;1415;2555;;;;;;;;;;;;;;;;;;;;;;;;;;;;;;;;;;;;;;;;;;;
0;1197;1716;2228;2760;3846;;;;;;;;;;;;;;;;;;;;;;;;;;;;;;;;;;;;;;;;;
0;233;417;;;;;;;;;;;;;;;;;;;;;;;;;;;;;;;;;;;;;;;;;;;;
0;1196;2210;2497;2693;;;;;;;;;;;;;;;;;;;;;;;;;;;;;;;;;;;;;;;;;;
0;149;384;539;811;1446;1749;;;;;;;;;;;;;;;;;;;;;;;;;;;;;;;;;;;;;;;;
0;481;655;;;;;;;;;;;;;;;;;;;;;;;;;;;;;;;;;;;;;;;;;;;;
0;1308;2146;2302;3200;4077;4940;5117;5968;;;;;;;;;;;;;;;;;;;;;;;;;;;;;;;;;;;;;;
0;1229;1797;3027;;;;;;;;;;;;;;;;;;;;;;;;;;;;;;;;;;;;;;;;;;;
0;800;966;;;;;;;;;;;;;;;;;;;;;;;;;;;;;;;;;;;;;;;;;;;;
0;487;1035;2121;3235;;;;;;;;;;;;;;;;;;;;;;;;;;;;;;;;;;;;;;;;;;
0;290;966;1283;;;;;;;;;;;;;;;;;;;;;;;;;;;;;;;;;;;;;;;;;;;
0;993;1270;2019;2248;2472;2695;2931;3158;;;;;;;;;;;;;;;;;;;;;;;;;;;;;;;;;;;;;;
0;803;1270;1552;1746;1980;2228;2428;3232;4623;;;;;;;;;;;;;;;;;;;;;;;;;;;;;;;;;;;;;
0;530;914;1278;1428;1658;1777;1898;2729;3499;3758;4150;;;;;;;;;;;;;;;;;;;;;;;;;;;;;;;;;;;
0;698;1586;1818;2027;;;;;;;;;;;;;;;;;;;;;;;;;;;;;;;;;;;;;;;;;;
0;990;1173;1942;3034;3206;3368;;;;;;;;;;;;;;;;;;;;;;;;;;;;;;;;;;;;;;;;
0;179;357;550;1607;2554;;;;;;;;;;;;;;;;;;;;;;;;;;;;;;;;;;;;;;;;;
0;231;413;686;;;;;;;;;;;;;;;;;;;;;;;;;;;;;;;;;;;;;;;;;;;
0;181;680;883;1137;;;;;;;;;;;;;;;;;;;;;;;;;;;;;;;;;;;;;;;;;;
0;181;447;698;;;;;;;;;;;;;;;;;;;;;;;;;;;;;;;;;;;;;;;;;;;
0;307;455;764;1026;1290;1545;;;;;;;;;;;;;;;;;;;;;;;;;;;;;;;;;;;;;;;;
0;148;389;;;;;;;;;;;;;;;;;;;;;;;;;;;;;;;;;;;;;;;;;;;;
0;205;442;602;;;;;;;;;;;;;;;;;;;;;;;;;;;;;;;;;;;;;;;;;;;
0;212;371;1244;;;;;;;;;;;;;;;;;;;;;;;;;;;;;;;;;;;;;;;;;;;
0;184;372;895;;;;;;;;;;;;;;;;;;;;;;;;;;;;;;;;;;;;;;;;;;;
0;304;1085;;;;;;;;;;;;;;;;;;;;;;;;;;;;;;;;;;;;;;;;;;;;
0;185;410;1313;;;;;;;;;;;;;;;;;;;;;;;;;;;;;;;;;;;;;;;;;;;
0;353;945;1553;2084;2753;2964;3152;;;;;;;;;;;;;;;;;;;;;;;;;;;;;;;;;;;;;;;
0;222;1258;1462;2534;2731;3856;4113;;;;;;;;;;;;;;;;;;;;;;;;;;;;;;;;;;;;;;;
0;210;997;1189;1970;2167;;;;;;;;;;;;;;;;;;;;;;;;;;;;;;;;;;;;;;;;;
0;977;1497;2213;2913;3324;;;;;;;;;;;;;;;;;;;;;;;;;;;;;;;;;;;;;;;;;
0;160;328;;;;;;;;;;;;;;;;;;;;;;;;;;;;;;;;;;;;;;;;;;;;
0;250;409;599;918;1523;1822;;;;;;;;;;;;;;;;;;;;;;;;;;;;;;;;;;;;;;;;
0;216;718;955;;;;;;;;;;;;;;;;;;;;;;;;;;;;;;;;;;;;;;;;;;;
0;248;521;1664;1922;;;;;;;;;;;;;;;;;;;;;;;;;;;;;;;;;;;;;;;;;;
0;632;1238;;;;;;;;;;;;;;;;;;;;;;;;;;;;;;;;;;;;;;;;;;;;
0;788;991;1159;1338;1522;;;;;;;;;;;;;;;;;;;;;;;;;;;;;;;;;;;;;;;;;
0;496;694;923;1465;;;;;;;;;;;;;;;;;;;;;;;;;;;;;;;;;;;;;;;;;;
0;1381;1565;2451;2584;2782;;;;;;;;;;;;;;;;;;;;;;;;;;;;;;;;;;;;;;;;;
0;216;784;1001;1184;;;;;;;;;;;;;;;;;;;;;;;;;;;;;;;;;;;;;;;;;;
0;129;597;1869;;;;;;;;;;;;;;;;;;;;;;;;;;;;;;;;;;;;;;;;;;;
0;631;808;1223;2150;;;;;;;;;;;;;;;;;;;;;;;;;;;;;;;;;;;;;;;;;;
0;225;392;721;1225;1589;1737;2057;;;;;;;;;;;;;;;;;;;;;;;;;;;;;;;;;;;;;;;
0;1010;2026;3069;;;;;;;;;;;;;;;;;;;;;;;;;;;;;;;;;;;;;;;;;;;
0;519;754;965;1382;1622;;;;;;;;;;;;;;;;;;;;;;;;;;;;;;;;;;;;;;;;;
0;576;903;1493;1747;;;;;;;;;;;;;;;;;;;;;;;;;;;;;;;;;;;;;;;;;;
0;343;748;;;;;;;;;;;;;;;;;;;;;;;;;;;;;;;;;;;;;;;;;;;;
0;666;851;1064;;;;;;;;;;;;;;;;;;;;;;;;;;;;;;;;;;;;;;;;;;;
0;1369;2745;3499;3749;;;;;;;;;;;;;;;;;;;;;;;;;;;;;;;;;;;;;;;;;;
0;795;1013;1267;;;;;;;;;;;;;;;;;;;;;;;;;;;;;;;;;;;;;;;;;;;
0;884;1070;;;;;;;;;;;;;;;;;;;;;;;;;;;;;;;;;;;;;;;;;;;;
0;1317;1690;2097;;;;;;;;;;;;;;;;;;;;;;;;;;;;;;;;;;;;;;;;;;;
0;871;1584;;;;;;;;;;;;;;;;;;;;;;;;;;;;;;;;;;;;;;;;;;;;
0;985;1783;2557;;;;;;;;;;;;;;;;;;;;;;;;;;;;;;;;;;;;;;;;;;;
0;973;1122;1353;1518;1698;1851;2188;;;;;;;;;;;;;;;;;;;;;;;;;;;;;;;;;;;;;;;
0;311;453;1661;1964;;;;;;;;;;;;;;;;;;;;;;;;;;;;;;;;;;;;;;;;;;
0;156;825;;;;;;;;;;;;;;;;;;;;;;;;;;;;;;;;;;;;;;;;;;;;
0;399;815;;;;;;;;;;;;;;;;;;;;;;;;;;;;;;;;;;;;;;;;;;;;
0;462;961;;;;;;;;;;;;;;;;;;;;;;;;;;;;;;;;;;;;;;;;;;;;
0;540;1077;;;;;;;;;;;;;;;;;;;;;;;;;;;;;;;;;;;;;;;;;;;;
0;177;414;857;;;;;;;;;;;;;;;;;;;;;;;;;;;;;;;;;;;;;;;;;;;
0;177;808;885;1057;1200;1369;1932;2269;;;;;;;;;;;;;;;;;;;;;;;;;;;;;;;;;;;;;;
0;758;1636;1809;;;;;;;;;;;;;;;;;;;;;;;;;;;;;;;;;;;;;;;;;;;
0;321;480;641;979;1674;2029;;;;;;;;;;;;;;;;;;;;;;;;;;;;;;;;;;;;;;;;
0;675;1058;1231;1745;2609;3037;4398;4952;5383;5555;6036;7076;7471;;;;;;;;;;;;;;;;;;;;;;;;;;;;;;;;;
0;357;665;843;1348;;;;;;;;;;;;;;;;;;;;;;;;;;;;;;;;;;;;;;;;;;
0;1104;2317;3443;4613;5672;;;;;;;;;;;;;;;;;;;;;;;;;;;;;;;;;;;;;;;;;
0;1093;2194;;;;;;;;;;;;;;;;;;;;;;;;;;;;;;;;;;;;;;;;;;;;
0;309;1715;1930;3061;;;;;;;;;;;;;;;;;;;;;;;;;;;;;;;;;;;;;;;;;;
0;223;506;764;;;;;;;;;;;;;;;;;;;;;;;;;;;;;;;;;;;;;;;;;;;
0;138;453;586;;;;;;;;;;;;;;;;;;;;;;;;;;;;;;;;;;;;;;;;;;;
0;464;666;;;;;;;;;;;;;;;;;;;;;;;;;;;;;;;;;;;;;;;;;;;;
0;149;324;653;828;989;;;;;;;;;;;;;;;;;;;;;;;;;;;;;;;;;;;;;;;;;
0;144;325;672;841;995;2382;;;;;;;;;;;;;;;;;;;;;;;;;;;;;;;;;;;;;;;;
0;1129;1311;1760;;;;;;;;;;;;;;;;;;;;;;;;;;;;;;;;;;;;;;;;;;;
0;196;696;;;;;;;;;;;;;;;;;;;;;;;;;;;;;;;;;;;;;;;;;;;;
0;169;336;530;;;;;;;;;;;;;;;;;;;;;;;;;;;;;;;;;;;;;;;;;;;
0;176;392;784;1631;2072;;;;;;;;;;;;;;;;;;;;;;;;;;;;;;;;;;;;;;;;;
0;170;354;620;1021;1509;1902;;;;;;;;;;;;;;;;;;;;;;;;;;;;;;;;;;;;;;;;
0;670;838;1015;1149;1298;1702;2134;;;;;;;;;;;;;;;;;;;;;;;;;;;;;;;;;;;;;;;
0;378;525;805;1235;1579;1723;2022;;;;;;;;;;;;;;;;;;;;;;;;;;;;;;;;;;;;;;;
0;353;681;1041;1336;1552;1752;1963;;;;;;;;;;;;;;;;;;;;;;;;;;;;;;;;;;;;;;;
0;248;461;661;865;1248;1489;1682;1952;2824;3112;3511;3776;4207;4511;4768;5146;6156;6481;7111;7536;7875;8113;8400;9324;9792;10556;10927;11264;11511;11768;;;;;;;;;;;;;;;;
0;307;565;803;1042;1489;1857;2234;;;;;;;;;;;;;;;;;;;;;;;;;;;;;;;;;;;;;;;
0;239;455;633;896;1414;1879;2096;2315;2565;3144;3401;3731;4024;4505;4848;5064;5419;;;;;;;;;;;;;;;;;;;;;;;;;;;;;
0;231;531;880;1129;1415;1847;2116;2392;2831;3064;3332;3824;4104;4368;4763;4967;5232;;;;;;;;;;;;;;;;;;;;;;;;;;;;;
0;345;801;;;;;;;;;;;;;;;;;;;;;;;;;;;;;;;;;;;;;;;;;;;;
0;249;495;1383;1657;1928;2759;3019;3287;;;;;;;;;;;;;;;;;;;;;;;;;;;;;;;;;;;;;;
0;154;496;1689;1864;2106;3322;3512;3748;4913;5064;5288;;;;;;;;;;;;;;;;;;;;;;;;;;;;;;;;;;;
0;205;381;689;875;1194;1396;;;;;;;;;;;;;;;;;;;;;;;;;;;;;;;;;;;;;;;;
0;312;523;842;1057;1346;1592;1938;;;;;;;;;;;;;;;;;;;;;;;;;;;;;;;;;;;;;;;
0;185;420;;;;;;;;;;;;;;;;;;;;;;;;;;;;;;;;;;;;;;;;;;;;
0;321;586;733;1071;1803;2177;;;;;;;;;;;;;;;;;;;;;;;;;;;;;;;;;;;;;;;;
0;252;421;700;870;1160;1330;1663;;;;;;;;;;;;;;;;;;;;;;;;;;;;;;;;;;;;;;;
0;607;1278;1482;1770;;;;;;;;;;;;;;;;;;;;;;;;;;;;;;;;;;;;;;;;;;
0;592;1428;1719;2314;2862;4273;4916;5783;6014;6599;7168;7817;8452;;;;;;;;;;;;;;;;;;;;;;;;;;;;;;;;;
0;496;1067;1301;1606;1868;2268;2819;3373;3596;3888;4087;4470;5030;5590;5798;6124;6388;6708;7280;7561;;;;;;;;;;;;;;;;;;;;;;;;;;
0;570;916;1857;;;;;;;;;;;;;;;;;;;;;;;;;;;;;;;;;;;;;;;;;;;
0;192;350;;;;;;;;;;;;;;;;;;;;;;;;;;;;;;;;;;;;;;;;;;;;
0;551;778;897;1077;1497;2382;2908;;;;;;;;;;;;;;;;;;;;;;;;;;;;;;;;;;;;;;;
0;618;1244;1451;1665;1867;2532;3126;3773;4013;4270;4481;;;;;;;;;;;;;;;;;;;;;;;;;;;;;;;;;;;
0;1076;2206;3342;3884;4698;;;;;;;;;;;;;;;;;;;;;;;;;;;;;;;;;;;;;;;;;
0;521;1575;2152;3275;3800;4638;;;;;;;;;;;;;;;;;;;;;;;;;;;;;;;;;;;;;;;;
0;377;865;1342;1813;2295;3624;;;;;;;;;;;;;;;;;;;;;;;;;;;;;;;;;;;;;;;;
0;439;842;1981;2492;2876;3276;;;;;;;;;;;;;;;;;;;;;;;;;;;;;;;;;;;;;;;;
0;205;455;703;1276;1861;2489;2705;2990;3205;;;;;;;;;;;;;;;;;;;;;;;;;;;;;;;;;;;;;
0;218;453;1360;;;;;;;;;;;;;;;;;;;;;;;;;;;;;;;;;;;;;;;;;;;
0;316;569;;;;;;;;;;;;;;;;;;;;;;;;;;;;;;;;;;;;;;;;;;;;
0;530;1010;1367;1727;;;;;;;;;;;;;;;;;;;;;;;;;;;;;;;;;;;;;;;;;;
0;384;925;1149;1794;2341;2607;2789;2983;3165;3635;4038;4500;;;;;;;;;;;;;;;;;;;;;;;;;;;;;;;;;;
0;373;1491;1993;2368;2903;2996;3560;4133;;;;;;;;;;;;;;;;;;;;;;;;;;;;;;;;;;;;;;
0;637;1254;1527;;;;;;;;;;;;;;;;;;;;;;;;;;;;;;;;;;;;;;;;;;;
0;560;937;1190;1446;;;;;;;;;;;;;;;;;;;;;;;;;;;;;;;;;;;;;;;;;;
0;208;499;;;;;;;;;;;;;;;;;;;;;;;;;;;;;;;;;;;;;;;;;;;;
0;143;305;1013;1123;;;;;;;;;;;;;;;;;;;;;;;;;;;;;;;;;;;;;;;;;;
0;1220;1379;1553;;;;;;;;;;;;;;;;;;;;;;;;;;;;;;;;;;;;;;;;;;;
0;596;723;868;1225;1771;2091;;;;;;;;;;;;;;;;;;;;;;;;;;;;;;;;;;;;;;;;
0;536;675;822;1001;1334;1733;2063;;;;;;;;;;;;;;;;;;;;;;;;;;;;;;;;;;;;;;;
0;324;534;;;;;;;;;;;;;;;;;;;;;;;;;;;;;;;;;;;;;;;;;;;;
0;445;511;;;;;;;;;;;;;;;;;;;;;;;;;;;;;;;;;;;;;;;;;;;;
0;213;1128;;;;;;;;;;;;;;;;;;;;;;;;;;;;;;;;;;;;;;;;;;;;
0;1451;2049;2469;3029;3602;4002;4694;;;;;;;;;;;;;;;;;;;;;;;;;;;;;;;;;;;;;;;
0;713;1496;2299;;;;;;;;;;;;;;;;;;;;;;;;;;;;;;;;;;;;;;;;;;;
0;664;1168;2176;2352;;;;;;;;;;;;;;;;;;;;;;;;;;;;;;;;;;;;;;;;;;
0;1072;1209;;;;;;;;;;;;;;;;;;;;;;;;;;;;;;;;;;;;;;;;;;;;
0;1267;1571;;;;;;;;;;;;;;;;;;;;;;;;;;;;;;;;;;;;;;;;;;;;
0;1050;1209;;;;;;;;;;;;;;;;;;;;;;;;;;;;;;;;;;;;;;;;;;;;
0;1070;2095;2895;3102;;;;;;;;;;;;;;;;;;;;;;;;;;;;;;;;;;;;;;;;;;
0;509;519;1077;;;;;;;;;;;;;;;;;;;;;;;;;;;;;;;;;;;;;;;;;;;
0;7;538;551;886;896;1249;;;;;;;;;;;;;;;;;;;;;;;;;;;;;;;;;;;;;;;;
0;905;910;1385;1897;2518;2526;2991;;;;;;;;;;;;;;;;;;;;;;;;;;;;;;;;;;;;;;;
0;562;1141;1651;2168;2433;;;;;;;;;;;;;;;;;;;;;;;;;;;;;;;;;;;;;;;;;
0;490;1621;2026;2920;;;;;;;;;;;;;;;;;;;;;;;;;;;;;;;;;;;;;;;;;;
0;437;592;992;1425;2234;2696;;;;;;;;;;;;;;;;;;;;;;;;;;;;;;;;;;;;;;;;
0;400;847;1311;1553;1792;2225;2664;3323;3552;4000;4457;4912;5168;5426;5912;6368;;;;;;;;;;;;;;;;;;;;;;;;;;;;;;
0;339;965;1257;;;;;;;;;;;;;;;;;;;;;;;;;;;;;;;;;;;;;;;;;;;
0;545;1066;;;;;;;;;;;;;;;;;;;;;;;;;;;;;;;;;;;;;;;;;;;;
0;494;633;1003;;;;;;;;;;;;;;;;;;;;;;;;;;;;;;;;;;;;;;;;;;;
0;62;262;373;635;987;1351;1401;1739;;;;;;;;;;;;;;;;;;;;;;;;;;;;;;;;;;;;;;
0;227;318;1118;1167;1624;2485;3384;3437;;;;;;;;;;;;;;;;;;;;;;;;;;;;;;;;;;;;;;
0;1035;1281;1532;2777;;;;;;;;;;;;;;;;;;;;;;;;;;;;;;;;;;;;;;;;;;
0;246;396;665;1097;1395;;;;;;;;;;;;;;;;;;;;;;;;;;;;;;;;;;;;;;;;;
0;1131;1240;1663;;;;;;;;;;;;;;;;;;;;;;;;;;;;;;;;;;;;;;;;;;;
0;138;274;426;845;1292;1608;;;;;;;;;;;;;;;;;;;;;;;;;;;;;;;;;;;;;;;;
0;192;375;561;865;1460;1779;;;;;;;;;;;;;;;;;;;;;;;;;;;;;;;;;;;;;;;;
0;109;378;;;;;;;;;;;;;;;;;;;;;;;;;;;;;;;;;;;;;;;;;;;;
0;447;1284;1549;;;;;;;;;;;;;;;;;;;;;;;;;;;;;;;;;;;;;;;;;;;
0;206;462;738;;;;;;;;;;;;;;;;;;;;;;;;;;;;;;;;;;;;;;;;;;;
0;392;622;782;1082;1557;1907;;;;;;;;;;;;;;;;;;;;;;;;;;;;;;;;;;;;;;;;
0;331;613;990;1550;1866;;;;;;;;;;;;;;;;;;;;;;;;;;;;;;;;;;;;;;;;;
0;306;464;634;1076;1809;2214;;;;;;;;;;;;;;;;;;;;;;;;;;;;;;;;;;;;;;;;
0;664;988;1778;2082;;;;;;;;;;;;;;;;;;;;;;;;;;;;;;;;;;;;;;;;;;
0;230;400;;;;;;;;;;;;;;;;;;;;;;;;;;;;;;;;;;;;;;;;;;;;
0;365;713;883;1023;;;;;;;;;;;;;;;;;;;;;;;;;;;;;;;;;;;;;;;;;;
0;223;423;715;1030;1438;;;;;;;;;;;;;;;;;;;;;;;;;;;;;;;;;;;;;;;;;
0;273;1003;1395;;;;;;;;;;;;;;;;;;;;;;;;;;;;;;;;;;;;;;;;;;;
0;496;872;;;;;;;;;;;;;;;;;;;;;;;;;;;;;;;;;;;;;;;;;;;;
0;636;1294;;;;;;;;;;;;;;;;;;;;;;;;;;;;;;;;;;;;;;;;;;;;
0;647;1129;1653;2696;3037;;;;;;;;;;;;;;;;;;;;;;;;;;;;;;;;;;;;;;;;;
0;177;387;1248;1469;1717;;;;;;;;;;;;;;;;;;;;;;;;;;;;;;;;;;;;;;;;;
0;424;636;847;1155;1587;;;;;;;;;;;;;;;;;;;;;;;;;;;;;;;;;;;;;;;;;
0;633;824;1025;1435;2048;2478;;;;;;;;;;;;;;;;;;;;;;;;;;;;;;;;;;;;;;;;
0;588;1085;;;;;;;;;;;;;;;;;;;;;;;;;;;;;;;;;;;;;;;;;;;;
0;741;1613;;;;;;;;;;;;;;;;;;;;;;;;;;;;;;;;;;;;;;;;;;;;
0;614;781;949;1134;;;;;;;;;;;;;;;;;;;;;;;;;;;;;;;;;;;;;;;;;;
0;201;766;942;1103;1285;2670;2871;3374;3540;3701;3877;;;;;;;;;;;;;;;;;;;;;;;;;;;;;;;;;;;
0;549;586;772;954;1229;1396;1522;;;;;;;;;;;;;;;;;;;;;;;;;;;;;;;;;;;;;;;
0;483;666;1067;;;;;;;;;;;;;;;;;;;;;;;;;;;;;;;;;;;;;;;;;;;
